Complex,Ligand,Total_Interactions,Hydrogen_Bonds,Non_Bonded,Top_Residues,H_Bond_Residues,Binding_Insight
3eqm.cif,ASD,49,3,58,"ASP 309 (7), MET 374 (6), ARG 115 (6)","ARG 115, ASP 309, MET 374",Hydrophobic interactions dominate (118.4% of interactions)
3eqm.cif,ASD,,,,,,"Close Contact: ARG 115 CD - ASD O2, Distance: 3.66 Å"
3eqm.cif,ASD,,,,,,"Close Contact: ARG 115 NE - ASD C12, Distance: 3.84 Å"
3eqm.cif,ASD,,,,,,"Close Contact: ARG 115 NE - ASD O2, Distance: 3.97 Å"
3eqm.cif,ASD,,,,,,"Close Contact: ARG 115 CZ - ASD C12, Distance: 3.85 Å"
3eqm.cif,ASD,,,,,,"Close Contact: ARG 115 CZ - ASD O2, Distance: 3.91 Å"
3eqm.cif,ASD,,,,,,"Close Contact: ARG 115 NH1 - ASD O2, Distance: 3.44 Å"
3eqm.cif,ASD,,,,,,"Close Contact: ILE 133 CG2 - ASD C1, Distance: 3.89 Å"
3eqm.cif,ASD,,,,,,"Close Contact: ILE 133 CG2 - ASD C11, Distance: 3.78 Å"
3eqm.cif,ASD,,,,,,"Close Contact: PHE 134 CZ - ASD O2, Distance: 3.99 Å"
3eqm.cif,ASD,,,,,,"Close Contact: TRP 224 CZ3 - ASD C3, Distance: 3.95 Å"
3eqm.cif,ASD,,,,,,"Close Contact: TRP 224 CZ3 - ASD O1, Distance: 3.61 Å"
3eqm.cif,ASD,,,,,,"Close Contact: TRP 224 CH2 - ASD C3, Distance: 3.81 Å"
3eqm.cif,ASD,,,,,,"Close Contact: TRP 224 CH2 - ASD C4, Distance: 3.87 Å"
3eqm.cif,ASD,,,,,,"Close Contact: TRP 224 CH2 - ASD O1, Distance: 3.87 Å"
3eqm.cif,ASD,,,,,,"Close Contact: ILE 305 O - ASD O1, Distance: 3.98 Å"
3eqm.cif,ASD,,,,,,"Close Contact: ILE 305 CG1 - ASD O1, Distance: 3.89 Å"
3eqm.cif,ASD,,,,,,"Close Contact: ALA 306 N - ASD O1, Distance: 3.95 Å"
3eqm.cif,ASD,,,,,,"Close Contact: ALA 306 CA - ASD C2, Distance: 3.95 Å"
3eqm.cif,ASD,,,,,,"Close Contact: ALA 306 CA - ASD C3, Distance: 3.99 Å"
3eqm.cif,ASD,,,,,,"Close Contact: ALA 306 CA - ASD O1, Distance: 3.45 Å"
3eqm.cif,ASD,,,,,,"Close Contact: ALA 306 O - ASD O1, Distance: 3.9 Å"
3eqm.cif,ASD,,,,,,"Close Contact: ASP 309 CB - ASD C3, Distance: 3.77 Å"
3eqm.cif,ASD,,,,,,"Close Contact: ASP 309 CB - ASD C4, Distance: 3.64 Å"
3eqm.cif,ASD,,,,,,"Close Contact: ASP 309 CB - ASD O1, Distance: 3.32 Å"
3eqm.cif,ASD,,,,,,"Close Contact: ASP 309 CG - ASD O1, Distance: 3.44 Å"
3eqm.cif,ASD,,,,,,"Close Contact: ASP 309 OD2 - ASD C3, Distance: 3.68 Å"
3eqm.cif,ASD,,,,,,"Close Contact: ASP 309 OD2 - ASD C4, Distance: 3.9 Å"
3eqm.cif,ASD,,,,,,"Close Contact: ASP 309 OD2 - ASD O1, Distance: 2.72 Å"
3eqm.cif,ASD,,,,,,"Close Contact: THR 310 CG2 - ASD C19, Distance: 3.65 Å"
3eqm.cif,ASD,,,,,,"Close Contact: THR 310 CG2 - ASD C4, Distance: 3.66 Å"
3eqm.cif,ASD,,,,,,"Close Contact: THR 310 CG2 - ASD C5, Distance: 3.61 Å"
3eqm.cif,ASD,,,,,,"Close Contact: THR 310 CG2 - ASD C6, Distance: 3.75 Å"
3eqm.cif,ASD,,,,,,"Close Contact: VAL 370 CG1 - ASD C18, Distance: 3.42 Å"
3eqm.cif,ASD,,,,,,"Close Contact: LEU 372 O - ASD C15, Distance: 3.65 Å"
3eqm.cif,ASD,,,,,,"Close Contact: LEU 372 O - ASD C16, Distance: 3.45 Å"
3eqm.cif,ASD,,,,,,"Close Contact: LEU 372 O - ASD C17, Distance: 3.87 Å"
3eqm.cif,ASD,,,,,,"Close Contact: LEU 372 O - ASD C18, Distance: 3.48 Å"
3eqm.cif,ASD,,,,,,"Close Contact: VAL 373 CA - ASD O2, Distance: 3.83 Å"
3eqm.cif,ASD,,,,,,"Close Contact: VAL 373 C - ASD O2, Distance: 3.79 Å"
3eqm.cif,ASD,,,,,,"Close Contact: MET 374 N - ASD C16, Distance: 3.98 Å"
3eqm.cif,ASD,,,,,,"Close Contact: MET 374 N - ASD C17, Distance: 3.63 Å"
3eqm.cif,ASD,,,,,,"Close Contact: MET 374 N - ASD O2, Distance: 2.84 Å"
3eqm.cif,ASD,,,,,,"Close Contact: MET 374 CA - ASD O2, Distance: 3.63 Å"
3eqm.cif,ASD,,,,,,"Close Contact: MET 374 O - ASD O2, Distance: 3.79 Å"
3eqm.cif,ASD,,,,,,"Close Contact: MET 374 CB - ASD O2, Distance: 3.5 Å"
3eqm.cif,ASD,,,,,,"Close Contact: LEU 477 O - ASD C15, Distance: 3.56 Å"
3eqm.cif,ASD,,,,,,"Close Contact: LEU 477 CD1 - ASD C7, Distance: 3.81 Å"
3eqm.cif,ASD,,,,,,"Close Contact: LEU 477 CD2 - ASD C15, Distance: 3.48 Å"
3eqm.cif,ASD,,,,,,"Close Contact: LEU 477 CD2 - ASD C16, Distance: 3.8 Å"
3eqm.cif,ASD,,,,,,"H-Bond: ARG 115 NH1 - ASD O2, Distance: 3.44 Å"
3eqm.cif,ASD,,,,,,"H-Bond: ASP 309 OD2 - ASD O1, Distance: 2.72 Å"
3eqm.cif,ASD,,,,,,"H-Bond: MET 374 N - ASD O2, Distance: 2.84 Å"
3eqm.cif,ASD,,,,,,"Non-Bonded: ARG 115 CD - ASD C12, Distance: 4.35 Å"
3eqm.cif,ASD,,,,,,"Non-Bonded: ARG 115 CZ - ASD C12, Distance: 3.85 Å"
3eqm.cif,ASD,,,,,,"Non-Bonded: ILE 133 CG1 - ASD C1, Distance: 4.31 Å"
3eqm.cif,ASD,,,,,,"Non-Bonded: ILE 133 CG2 - ASD C1, Distance: 3.89 Å"
3eqm.cif,ASD,,,,,,"Non-Bonded: ILE 133 CG2 - ASD C11, Distance: 3.78 Å"
3eqm.cif,ASD,,,,,,"Non-Bonded: ILE 133 CG2 - ASD C12, Distance: 4.03 Å"
3eqm.cif,ASD,,,,,,"Non-Bonded: ILE 133 CG2 - ASD C9, Distance: 4.11 Å"
3eqm.cif,ASD,,,,,,"Non-Bonded: ILE 133 CD1 - ASD C1, Distance: 4.08 Å"
3eqm.cif,ASD,,,,,,"Non-Bonded: ILE 133 CD1 - ASD C2, Distance: 4.09 Å"
3eqm.cif,ASD,,,,,,"Non-Bonded: PHE 134 CE1 - ASD C12, Distance: 4.22 Å"
3eqm.cif,ASD,,,,,,"Non-Bonded: PHE 134 CE1 - ASD C14, Distance: 4.37 Å"
3eqm.cif,ASD,,,,,,"Non-Bonded: PHE 134 CE1 - ASD C17, Distance: 4.41 Å"
3eqm.cif,ASD,,,,,,"Non-Bonded: PHE 134 CZ - ASD C16, Distance: 4.16 Å"
3eqm.cif,ASD,,,,,,"Non-Bonded: PHE 134 CZ - ASD C17, Distance: 4.01 Å"
3eqm.cif,ASD,,,,,,"Non-Bonded: PHE 221 CE1 - ASD C4, Distance: 4.49 Å"
3eqm.cif,ASD,,,,,,"Non-Bonded: PHE 221 CE1 - ASD C6, Distance: 4.17 Å"
3eqm.cif,ASD,,,,,,"Non-Bonded: TRP 224 CZ2 - ASD C9, Distance: 4.45 Å"
3eqm.cif,ASD,,,,,,"Non-Bonded: TRP 224 CZ3 - ASD C3, Distance: 3.95 Å"
3eqm.cif,ASD,,,,,,"Non-Bonded: TRP 224 CZ3 - ASD C4, Distance: 4.04 Å"
3eqm.cif,ASD,,,,,,"Non-Bonded: TRP 224 CH2 - ASD C1, Distance: 4.09 Å"
3eqm.cif,ASD,,,,,,"Non-Bonded: TRP 224 CH2 - ASD C10, Distance: 4.41 Å"
3eqm.cif,ASD,,,,,,"Non-Bonded: TRP 224 CH2 - ASD C2, Distance: 4.44 Å"
3eqm.cif,ASD,,,,,,"Non-Bonded: TRP 224 CH2 - ASD C3, Distance: 3.81 Å"
3eqm.cif,ASD,,,,,,"Non-Bonded: TRP 224 CH2 - ASD C4, Distance: 3.87 Å"
3eqm.cif,ASD,,,,,,"Non-Bonded: TRP 224 CH2 - ASD C5, Distance: 4.08 Å"
3eqm.cif,ASD,,,,,,"Non-Bonded: TRP 224 CH2 - ASD C9, Distance: 4.31 Å"
3eqm.cif,ASD,,,,,,"Non-Bonded: ALA 306 CA - ASD C2, Distance: 3.95 Å"
3eqm.cif,ASD,,,,,,"Non-Bonded: ALA 306 CA - ASD C3, Distance: 3.99 Å"
3eqm.cif,ASD,,,,,,"Non-Bonded: ALA 306 CB - ASD C2, Distance: 4.04 Å"
3eqm.cif,ASD,,,,,,"Non-Bonded: ASP 309 CB - ASD C3, Distance: 3.77 Å"
3eqm.cif,ASD,,,,,,"Non-Bonded: ASP 309 CB - ASD C4, Distance: 3.64 Å"
3eqm.cif,ASD,,,,,,"Non-Bonded: ASP 309 CG - ASD C3, Distance: 4.22 Å"
3eqm.cif,ASD,,,,,,"Non-Bonded: ASP 309 CG - ASD C4, Distance: 4.25 Å"
3eqm.cif,ASD,,,,,,"Non-Bonded: THR 310 CG2 - ASD C10, Distance: 4.26 Å"
3eqm.cif,ASD,,,,,,"Non-Bonded: THR 310 CG2 - ASD C19, Distance: 3.65 Å"
3eqm.cif,ASD,,,,,,"Non-Bonded: THR 310 CG2 - ASD C3, Distance: 4.36 Å"
3eqm.cif,ASD,,,,,,"Non-Bonded: THR 310 CG2 - ASD C4, Distance: 3.66 Å"
3eqm.cif,ASD,,,,,,"Non-Bonded: THR 310 CG2 - ASD C5, Distance: 3.61 Å"
3eqm.cif,ASD,,,,,,"Non-Bonded: THR 310 CG2 - ASD C6, Distance: 3.75 Å"
3eqm.cif,ASD,,,,,,"Non-Bonded: VAL 370 CG1 - ASD C18, Distance: 3.42 Å"
3eqm.cif,ASD,,,,,,"Non-Bonded: VAL 370 CG1 - ASD C19, Distance: 4.46 Å"
3eqm.cif,ASD,,,,,,"Non-Bonded: VAL 370 CG1 - ASD C8, Distance: 4.23 Å"
3eqm.cif,ASD,,,,,,"Non-Bonded: VAL 370 CG2 - ASD C19, Distance: 4.15 Å"
3eqm.cif,ASD,,,,,,"Non-Bonded: LEU 372 C - ASD C16, Distance: 4.36 Å"
3eqm.cif,ASD,,,,,,"Non-Bonded: LEU 372 CD1 - ASD C16, Distance: 4.11 Å"
3eqm.cif,ASD,,,,,,"Non-Bonded: VAL 373 CA - ASD C16, Distance: 4.38 Å"
3eqm.cif,ASD,,,,,,"Non-Bonded: VAL 373 CA - ASD C17, Distance: 4.1 Å"
3eqm.cif,ASD,,,,,,"Non-Bonded: VAL 373 CA - ASD C18, Distance: 4.25 Å"
3eqm.cif,ASD,,,,,,"Non-Bonded: VAL 373 C - ASD C17, Distance: 4.37 Å"
3eqm.cif,ASD,,,,,,"Non-Bonded: VAL 373 CG2 - ASD C18, Distance: 4.37 Å"
3eqm.cif,ASD,,,,,,"Non-Bonded: MET 374 CB - ASD C16, Distance: 4.28 Å"
3eqm.cif,ASD,,,,,,"Non-Bonded: MET 374 CB - ASD C17, Distance: 4.27 Å"
3eqm.cif,ASD,,,,,,"Non-Bonded: MET 374 CG - ASD C16, Distance: 4.01 Å"
3eqm.cif,ASD,,,,,,"Non-Bonded: LEU 477 CD1 - ASD C15, Distance: 4.49 Å"
3eqm.cif,ASD,,,,,,"Non-Bonded: LEU 477 CD1 - ASD C7, Distance: 3.81 Å"
3eqm.cif,ASD,,,,,,"Non-Bonded: LEU 477 CD2 - ASD C14, Distance: 4.38 Å"
3eqm.cif,ASD,,,,,,"Non-Bonded: LEU 477 CD2 - ASD C15, Distance: 3.48 Å"
3eqm.cif,ASD,,,,,,"Non-Bonded: LEU 477 CD2 - ASD C16, Distance: 3.8 Å"
3eqm_mutated.cif,ASD,49,3,58,"ASP 309 (7), MET 374 (6), ARG 115 (6)","ARG 115, ASP 309, MET 374",Hydrophobic interactions dominate (118.4% of interactions)
3eqm_mutated.cif,ASD,,,,,,"Close Contact: ARG 115 CD - ASD O2, Distance: 3.66 Å"
3eqm_mutated.cif,ASD,,,,,,"Close Contact: ARG 115 NE - ASD C12, Distance: 3.84 Å"
3eqm_mutated.cif,ASD,,,,,,"Close Contact: ARG 115 NE - ASD O2, Distance: 3.97 Å"
3eqm_mutated.cif,ASD,,,,,,"Close Contact: ARG 115 CZ - ASD C12, Distance: 3.85 Å"
3eqm_mutated.cif,ASD,,,,,,"Close Contact: ARG 115 CZ - ASD O2, Distance: 3.91 Å"
3eqm_mutated.cif,ASD,,,,,,"Close Contact: ARG 115 NH1 - ASD O2, Distance: 3.44 Å"
3eqm_mutated.cif,ASD,,,,,,"Close Contact: ILE 133 CG2 - ASD C1, Distance: 3.89 Å"
3eqm_mutated.cif,ASD,,,,,,"Close Contact: ILE 133 CG2 - ASD C11, Distance: 3.78 Å"
3eqm_mutated.cif,ASD,,,,,,"Close Contact: PHE 134 CZ - ASD O2, Distance: 3.99 Å"
3eqm_mutated.cif,ASD,,,,,,"Close Contact: TRP 224 CZ3 - ASD C3, Distance: 3.95 Å"
3eqm_mutated.cif,ASD,,,,,,"Close Contact: TRP 224 CZ3 - ASD O1, Distance: 3.61 Å"
3eqm_mutated.cif,ASD,,,,,,"Close Contact: TRP 224 CH2 - ASD C3, Distance: 3.81 Å"
3eqm_mutated.cif,ASD,,,,,,"Close Contact: TRP 224 CH2 - ASD C4, Distance: 3.87 Å"
3eqm_mutated.cif,ASD,,,,,,"Close Contact: TRP 224 CH2 - ASD O1, Distance: 3.87 Å"
3eqm_mutated.cif,ASD,,,,,,"Close Contact: ILE 305 O - ASD O1, Distance: 3.98 Å"
3eqm_mutated.cif,ASD,,,,,,"Close Contact: ILE 305 CG1 - ASD O1, Distance: 3.89 Å"
3eqm_mutated.cif,ASD,,,,,,"Close Contact: ALA 306 N - ASD O1, Distance: 3.95 Å"
3eqm_mutated.cif,ASD,,,,,,"Close Contact: ALA 306 CA - ASD C2, Distance: 3.95 Å"
3eqm_mutated.cif,ASD,,,,,,"Close Contact: ALA 306 CA - ASD C3, Distance: 3.99 Å"
3eqm_mutated.cif,ASD,,,,,,"Close Contact: ALA 306 CA - ASD O1, Distance: 3.45 Å"
3eqm_mutated.cif,ASD,,,,,,"Close Contact: ALA 306 O - ASD O1, Distance: 3.9 Å"
3eqm_mutated.cif,ASD,,,,,,"Close Contact: ASP 309 CB - ASD C3, Distance: 3.77 Å"
3eqm_mutated.cif,ASD,,,,,,"Close Contact: ASP 309 CB - ASD C4, Distance: 3.64 Å"
3eqm_mutated.cif,ASD,,,,,,"Close Contact: ASP 309 CB - ASD O1, Distance: 3.32 Å"
3eqm_mutated.cif,ASD,,,,,,"Close Contact: ASP 309 CG - ASD O1, Distance: 3.44 Å"
3eqm_mutated.cif,ASD,,,,,,"Close Contact: ASP 309 OD2 - ASD C3, Distance: 3.68 Å"
3eqm_mutated.cif,ASD,,,,,,"Close Contact: ASP 309 OD2 - ASD C4, Distance: 3.9 Å"
3eqm_mutated.cif,ASD,,,,,,"Close Contact: ASP 309 OD2 - ASD O1, Distance: 2.72 Å"
3eqm_mutated.cif,ASD,,,,,,"Close Contact: THR 310 CG2 - ASD C19, Distance: 3.65 Å"
3eqm_mutated.cif,ASD,,,,,,"Close Contact: THR 310 CG2 - ASD C4, Distance: 3.66 Å"
3eqm_mutated.cif,ASD,,,,,,"Close Contact: THR 310 CG2 - ASD C5, Distance: 3.61 Å"
3eqm_mutated.cif,ASD,,,,,,"Close Contact: THR 310 CG2 - ASD C6, Distance: 3.75 Å"
3eqm_mutated.cif,ASD,,,,,,"Close Contact: VAL 370 CG1 - ASD C18, Distance: 3.42 Å"
3eqm_mutated.cif,ASD,,,,,,"Close Contact: LEU 372 O - ASD C15, Distance: 3.65 Å"
3eqm_mutated.cif,ASD,,,,,,"Close Contact: LEU 372 O - ASD C16, Distance: 3.45 Å"
3eqm_mutated.cif,ASD,,,,,,"Close Contact: LEU 372 O - ASD C17, Distance: 3.87 Å"
3eqm_mutated.cif,ASD,,,,,,"Close Contact: LEU 372 O - ASD C18, Distance: 3.48 Å"
3eqm_mutated.cif,ASD,,,,,,"Close Contact: VAL 373 CA - ASD O2, Distance: 3.83 Å"
3eqm_mutated.cif,ASD,,,,,,"Close Contact: VAL 373 C - ASD O2, Distance: 3.79 Å"
3eqm_mutated.cif,ASD,,,,,,"Close Contact: MET 374 N - ASD C16, Distance: 3.98 Å"
3eqm_mutated.cif,ASD,,,,,,"Close Contact: MET 374 N - ASD C17, Distance: 3.63 Å"
3eqm_mutated.cif,ASD,,,,,,"Close Contact: MET 374 N - ASD O2, Distance: 2.84 Å"
3eqm_mutated.cif,ASD,,,,,,"Close Contact: MET 374 CA - ASD O2, Distance: 3.63 Å"
3eqm_mutated.cif,ASD,,,,,,"Close Contact: MET 374 O - ASD O2, Distance: 3.79 Å"
3eqm_mutated.cif,ASD,,,,,,"Close Contact: MET 374 CB - ASD O2, Distance: 3.5 Å"
3eqm_mutated.cif,ASD,,,,,,"Close Contact: LEU 477 O - ASD C15, Distance: 3.56 Å"
3eqm_mutated.cif,ASD,,,,,,"Close Contact: LEU 477 CD1 - ASD C7, Distance: 3.81 Å"
3eqm_mutated.cif,ASD,,,,,,"Close Contact: LEU 477 CD2 - ASD C15, Distance: 3.48 Å"
3eqm_mutated.cif,ASD,,,,,,"Close Contact: LEU 477 CD2 - ASD C16, Distance: 3.8 Å"
3eqm_mutated.cif,ASD,,,,,,"H-Bond: ARG 115 NH1 - ASD O2, Distance: 3.44 Å"
3eqm_mutated.cif,ASD,,,,,,"H-Bond: ASP 309 OD2 - ASD O1, Distance: 2.72 Å"
3eqm_mutated.cif,ASD,,,,,,"H-Bond: MET 374 N - ASD O2, Distance: 2.84 Å"
3eqm_mutated.cif,ASD,,,,,,"Non-Bonded: ARG 115 CD - ASD C12, Distance: 4.35 Å"
3eqm_mutated.cif,ASD,,,,,,"Non-Bonded: ARG 115 CZ - ASD C12, Distance: 3.85 Å"
3eqm_mutated.cif,ASD,,,,,,"Non-Bonded: ILE 133 CG1 - ASD C1, Distance: 4.31 Å"
3eqm_mutated.cif,ASD,,,,,,"Non-Bonded: ILE 133 CG2 - ASD C1, Distance: 3.89 Å"
3eqm_mutated.cif,ASD,,,,,,"Non-Bonded: ILE 133 CG2 - ASD C11, Distance: 3.78 Å"
3eqm_mutated.cif,ASD,,,,,,"Non-Bonded: ILE 133 CG2 - ASD C12, Distance: 4.03 Å"
3eqm_mutated.cif,ASD,,,,,,"Non-Bonded: ILE 133 CG2 - ASD C9, Distance: 4.11 Å"
3eqm_mutated.cif,ASD,,,,,,"Non-Bonded: ILE 133 CD1 - ASD C1, Distance: 4.08 Å"
3eqm_mutated.cif,ASD,,,,,,"Non-Bonded: ILE 133 CD1 - ASD C2, Distance: 4.09 Å"
3eqm_mutated.cif,ASD,,,,,,"Non-Bonded: PHE 134 CE1 - ASD C12, Distance: 4.22 Å"
3eqm_mutated.cif,ASD,,,,,,"Non-Bonded: PHE 134 CE1 - ASD C14, Distance: 4.37 Å"
3eqm_mutated.cif,ASD,,,,,,"Non-Bonded: PHE 134 CE1 - ASD C17, Distance: 4.41 Å"
3eqm_mutated.cif,ASD,,,,,,"Non-Bonded: PHE 134 CZ - ASD C16, Distance: 4.16 Å"
3eqm_mutated.cif,ASD,,,,,,"Non-Bonded: PHE 134 CZ - ASD C17, Distance: 4.01 Å"
3eqm_mutated.cif,ASD,,,,,,"Non-Bonded: PHE 221 CE1 - ASD C4, Distance: 4.49 Å"
3eqm_mutated.cif,ASD,,,,,,"Non-Bonded: PHE 221 CE1 - ASD C6, Distance: 4.17 Å"
3eqm_mutated.cif,ASD,,,,,,"Non-Bonded: TRP 224 CZ2 - ASD C9, Distance: 4.45 Å"
3eqm_mutated.cif,ASD,,,,,,"Non-Bonded: TRP 224 CZ3 - ASD C3, Distance: 3.95 Å"
3eqm_mutated.cif,ASD,,,,,,"Non-Bonded: TRP 224 CZ3 - ASD C4, Distance: 4.04 Å"
3eqm_mutated.cif,ASD,,,,,,"Non-Bonded: TRP 224 CH2 - ASD C1, Distance: 4.09 Å"
3eqm_mutated.cif,ASD,,,,,,"Non-Bonded: TRP 224 CH2 - ASD C10, Distance: 4.41 Å"
3eqm_mutated.cif,ASD,,,,,,"Non-Bonded: TRP 224 CH2 - ASD C2, Distance: 4.44 Å"
3eqm_mutated.cif,ASD,,,,,,"Non-Bonded: TRP 224 CH2 - ASD C3, Distance: 3.81 Å"
3eqm_mutated.cif,ASD,,,,,,"Non-Bonded: TRP 224 CH2 - ASD C4, Distance: 3.87 Å"
3eqm_mutated.cif,ASD,,,,,,"Non-Bonded: TRP 224 CH2 - ASD C5, Distance: 4.08 Å"
3eqm_mutated.cif,ASD,,,,,,"Non-Bonded: TRP 224 CH2 - ASD C9, Distance: 4.31 Å"
3eqm_mutated.cif,ASD,,,,,,"Non-Bonded: ALA 306 CA - ASD C2, Distance: 3.95 Å"
3eqm_mutated.cif,ASD,,,,,,"Non-Bonded: ALA 306 CA - ASD C3, Distance: 3.99 Å"
3eqm_mutated.cif,ASD,,,,,,"Non-Bonded: ALA 306 CB - ASD C2, Distance: 4.04 Å"
3eqm_mutated.cif,ASD,,,,,,"Non-Bonded: ASP 309 CB - ASD C3, Distance: 3.77 Å"
3eqm_mutated.cif,ASD,,,,,,"Non-Bonded: ASP 309 CB - ASD C4, Distance: 3.64 Å"
3eqm_mutated.cif,ASD,,,,,,"Non-Bonded: ASP 309 CG - ASD C3, Distance: 4.22 Å"
3eqm_mutated.cif,ASD,,,,,,"Non-Bonded: ASP 309 CG - ASD C4, Distance: 4.25 Å"
3eqm_mutated.cif,ASD,,,,,,"Non-Bonded: THR 310 CG2 - ASD C10, Distance: 4.26 Å"
3eqm_mutated.cif,ASD,,,,,,"Non-Bonded: THR 310 CG2 - ASD C19, Distance: 3.65 Å"
3eqm_mutated.cif,ASD,,,,,,"Non-Bonded: THR 310 CG2 - ASD C3, Distance: 4.36 Å"
3eqm_mutated.cif,ASD,,,,,,"Non-Bonded: THR 310 CG2 - ASD C4, Distance: 3.66 Å"
3eqm_mutated.cif,ASD,,,,,,"Non-Bonded: THR 310 CG2 - ASD C5, Distance: 3.61 Å"
3eqm_mutated.cif,ASD,,,,,,"Non-Bonded: THR 310 CG2 - ASD C6, Distance: 3.75 Å"
3eqm_mutated.cif,ASD,,,,,,"Non-Bonded: VAL 370 CG1 - ASD C18, Distance: 3.42 Å"
3eqm_mutated.cif,ASD,,,,,,"Non-Bonded: VAL 370 CG1 - ASD C19, Distance: 4.46 Å"
3eqm_mutated.cif,ASD,,,,,,"Non-Bonded: VAL 370 CG1 - ASD C8, Distance: 4.23 Å"
3eqm_mutated.cif,ASD,,,,,,"Non-Bonded: VAL 370 CG2 - ASD C19, Distance: 4.15 Å"
3eqm_mutated.cif,ASD,,,,,,"Non-Bonded: LEU 372 C - ASD C16, Distance: 4.36 Å"
3eqm_mutated.cif,ASD,,,,,,"Non-Bonded: LEU 372 CD1 - ASD C16, Distance: 4.11 Å"
3eqm_mutated.cif,ASD,,,,,,"Non-Bonded: VAL 373 CA - ASD C16, Distance: 4.38 Å"
3eqm_mutated.cif,ASD,,,,,,"Non-Bonded: VAL 373 CA - ASD C17, Distance: 4.1 Å"
3eqm_mutated.cif,ASD,,,,,,"Non-Bonded: VAL 373 CA - ASD C18, Distance: 4.25 Å"
3eqm_mutated.cif,ASD,,,,,,"Non-Bonded: VAL 373 C - ASD C17, Distance: 4.37 Å"
3eqm_mutated.cif,ASD,,,,,,"Non-Bonded: VAL 373 CG2 - ASD C18, Distance: 4.37 Å"
3eqm_mutated.cif,ASD,,,,,,"Non-Bonded: MET 374 CB - ASD C16, Distance: 4.28 Å"
3eqm_mutated.cif,ASD,,,,,,"Non-Bonded: MET 374 CB - ASD C17, Distance: 4.27 Å"
3eqm_mutated.cif,ASD,,,,,,"Non-Bonded: MET 374 CG - ASD C16, Distance: 4.01 Å"
3eqm_mutated.cif,ASD,,,,,,"Non-Bonded: LEU 477 CD1 - ASD C15, Distance: 4.49 Å"
3eqm_mutated.cif,ASD,,,,,,"Non-Bonded: LEU 477 CD1 - ASD C7, Distance: 3.81 Å"
3eqm_mutated.cif,ASD,,,,,,"Non-Bonded: LEU 477 CD2 - ASD C14, Distance: 4.38 Å"
3eqm_mutated.cif,ASD,,,,,,"Non-Bonded: LEU 477 CD2 - ASD C15, Distance: 3.48 Å"
3eqm_mutated.cif,ASD,,,,,,"Non-Bonded: LEU 477 CD2 - ASD C16, Distance: 3.8 Å"
