Metric,Native,Mutated
Ligand,TES,ASD
Total Interactions,53,49
Interaction Difference,,-4
Hydrogen Bonds,2,2
H-Bond Difference,,0
Non-Bonded (Hydrophobic),24,18
Non-Bonded Difference,,-6
π-π Stacking,0,101
π-π Difference,,101
Top Interacting Residues,"ALA 306 (7), MET 374 (7), ASP 309 (6)","ASP 309 (7), MET 374 (6), ARG 115 (6)"
Changed Residues,,"VAL 370: Native=2, Mutated=1; VAL 373: Native=3, Mutated=2; ALA 306: Native=7, Mutated=5; MET 374: Native=7, Mutated=6; LEU 477: Native=3, Mutated=4; LEU 372: Native=3, Mutated=4; ILE 133: Native=3, Mutated=2; ASP 309: Native=6, Mutated=7; THR 310: Native=5, Mutated=4; TRP 224: Native=6, Mutated=5; ARG 115: Native=5, Mutated=6"
H-Bond Residues,"ARG 115, MET 374","ARG 115, MET 374"
π-π Residues,,"TRP 224, PHE 134, PHE 221"
Binding Insight,Hydrophobic dominate (45.3%),Hydrophobic dominate (36.7%)
